--BEGIN
--    FOR rec IN (SELECT table_name FROM user_tables) LOOP
--        EXECUTE IMMEDIATE 'DROP TABLE ' || rec.table_name || ' CASCADE CONSTRAINTS';
--    END LOOP;
--END;


CREATE TABLE FEDERACAO(
	NOME VARCHAR2(15),
	DATA_FUND DATE NOT NULL,
	CONSTRAINT PK_FEDERACAO PRIMARY KEY (NOME)
);
CREATE TABLE NACAO(
	NOME VARCHAR2(15),
	QTD_PLANETAS NUMBER,
	FEDERACAO VARCHAR2(15),
	CONSTRAINT PK_NACAO PRIMARY KEY (NOME),
	CONSTRAINT FK_NACAO_FEDERACAO FOREIGN KEY (FEDERACAO) REFERENCES FEDERACAO(NOME) ON DELETE SET NULL,
	CONSTRAINT CK_NACAO_QTD_PLANETAS CHECK (QTD_PLANETAS >= 0) -- >= 0 para poder manter o histórico de nações extintas
);
CREATE TABLE PLANETA(
	ID_ASTRO VARCHAR2(15),
	MASSA NUMBER,
	RAIO NUMBER,
	CLASSIFICACAO VARCHAR2(63),
	CONSTRAINT PK_PLANETA PRIMARY KEY (ID_ASTRO),
	CONSTRAINT CK_PLANETA_MASSA CHECK (MASSA > 0),
	CONSTRAINT CK_PLANETA_RAIO CHECK (RAIO > 0)
);
CREATE TABLE ESPECIE(
	NOME VARCHAR2(15),
	PLANETA_OR VARCHAR2(15),
	INTELIGENTE CHAR(1),
	CONSTRAINT PK_ESPECIE PRIMARY KEY (NOME),
	CONSTRAINT FK_ESPECIE_PLANETA FOREIGN KEY (PLANETA_OR) REFERENCES PLANETA(ID_ASTRO) ON DELETE CASCADE,
	CONSTRAINT CK_ESPECIE_INTELIGENTE CHECK (INTELIGENTE IN ('V', 'F'))
);
CREATE TABLE LIDER(
	CPI CHAR(14),
	NOME VARCHAR2(15),
	CARGO CHAR(10) NOT NULL,
	NACAO VARCHAR2(15) NOT NULL,
	ESPECIE VARCHAR2(15) NOT NULL,
	CONSTRAINT PK_LIDER PRIMARY KEY (CPI),
	CONSTRAINT FK_LIDER_NACAO FOREIGN KEY (NACAO) REFERENCES NACAO(NOME) ON DELETE CASCADE,
	CONSTRAINT FK_LIDER_ESPECIE FOREIGN KEY (ESPECIE) REFERENCES ESPECIE(NOME) ON DELETE CASCADE,
	CONSTRAINT CK_LIDER_CPI CHECK (REGEXP_LIKE(CPI, '^\d{3}\.\d{3}\.\d{3}-\d{2}$')),
	CONSTRAINT CK_LIDER_CARGO CHECK (CARGO IN ('COMANDANTE', 'OFICIAL', 'CIENTISTA')) -- Uppercase para padronização
);
CREATE TABLE FACCAO(
	NOME VARCHAR2(15),
	LIDER CHAR(14) NOT NULL,
	IDEOLOGIA VARCHAR2(15),
	QTD_NACOES NUMBER,
	CONSTRAINT PK_FACCAO PRIMARY KEY (NOME),
	CONSTRAINT FK_FACCAO_LIDER FOREIGN KEY (LIDER) REFERENCES LIDER(CPI),
	CONSTRAINT CK_FACCAO_IDEOLOGIA CHECK (
		IDEOLOGIA IN ('PROGRESSITA', 'TOTALITARIA', 'TRADICIONALISTA')
	),
	CONSTRAINT CK_FACCAO_QTD_NACOES CHECK (QTD_NACOES >= 0),
	-- >= 0 para poder manter o histórico de facções extintas
	CONSTRAINT UN_FACCAO_LIDER UNIQUE (LIDER)
);
CREATE TABLE NACAO_FACCAO(
	NACAO VARCHAR2(15),
	FACCAO VARCHAR2(15),
	CONSTRAINT PK_NF PRIMARY KEY (NACAO, FACCAO),
	CONSTRAINT FK_NF_NACAO FOREIGN KEY (NACAO) REFERENCES NACAO(NOME) ON DELETE CASCADE,
	CONSTRAINT FK_NF_FACCAO FOREIGN KEY (FACCAO) REFERENCES FACCAO(NOME) ON DELETE CASCADE
);


CREATE TABLE ESTRELA(
	ID_ESTRELA VARCHAR2(31),
	NOME VARCHAR2(31),
	CLASSIFICACAO VARCHAR2(31),
	MASSA NUMBER,
	X NUMBER NOT NULL,
	Y NUMBER NOT NULL,
	Z NUMBER NOT NULL,
	CONSTRAINT PK_ESTRELA PRIMARY KEY (ID_ESTRELA),
	CONSTRAINT CK_ESTRELA_MASSA CHECK (MASSA > 0),
	CONSTRAINT UN_ESTRELA_COORDS UNIQUE (X, Y, Z)
);
CREATE TABLE COMUNIDADE(
	ESPECIE VARCHAR2(15),
	NOME VARCHAR2(15),
	QTD_HABITANTES NUMBER NOT NULL,
	CONSTRAINT PK_COMUNIDADE PRIMARY KEY (ESPECIE, NOME),
	CONSTRAINT CK_COMUNIDADE_QTD_HABITANTES CHECK (QTD_HABITANTES >= 0),
	-- >= 0 para poder manter o histórico de comunidades extintas
	CONSTRAINT FK_COMUNIDADE_ESPECIE FOREIGN KEY (ESPECIE) REFERENCES ESPECIE(NOME) ON DELETE CASCADE
);
CREATE TABLE PARTICIPA(
	FACCAO VARCHAR2(15),
	ESPECIE VARCHAR2(15),
	COMUNIDADE VARCHAR2(15),
	CONSTRAINT PK_PARTICIPA PRIMARY KEY (FACCAO, ESPECIE, COMUNIDADE),
	CONSTRAINT FK_PARTICIPA_FACCAO FOREIGN KEY (FACCAO) REFERENCES FACCAO(NOME) ON DELETE CASCADE,
	CONSTRAINT FK_PARTICIPA_COMUNIDADE FOREIGN KEY (ESPECIE, COMUNIDADE) REFERENCES COMUNIDADE(ESPECIE, NOME) ON DELETE CASCADE
);
CREATE TABLE HABITACAO(
	PLANETA VARCHAR2(15),
	ESPECIE VARCHAR2(15),
	COMUNIDADE VARCHAR2(15),
	DATA_INI DATE,
	DATA_FIM DATE,
	CONSTRAINT PK_HABITACAO PRIMARY KEY (PLANETA, ESPECIE, COMUNIDADE, DATA_INI),
	CONSTRAINT FK_HABITACAO_PLANETA FOREIGN KEY (PLANETA) REFERENCES PLANETA(ID_ASTRO),
	CONSTRAINT FK_HABITACAO_COMUNIDADE FOREIGN KEY (ESPECIE, COMUNIDADE) REFERENCES COMUNIDADE(ESPECIE, NOME),
	CONSTRAINT CK_HABITACAO_DATA CHECK (
		DATA_FIM IS NULL
		OR DATA_FIM > DATA_INI
	)
);
CREATE TABLE DOMINANCIA(
	PLANETA VARCHAR2(15),
	NACAO VARCHAR2(15),
	DATA_INI DATE,
	DATA_FIM DATE,
	CONSTRAINT PK_DOMINANCIA PRIMARY KEY (NACAO, PLANETA, DATA_INI),
	CONSTRAINT FK_DOMINANCIA_NACAO FOREIGN KEY (NACAO) REFERENCES NACAO(NOME),
	CONSTRAINT FK_DOMINANCIA_PLANETA FOREIGN KEY (PLANETA) REFERENCES PLANETA(ID_ASTRO),
	CONSTRAINT CK_DOMINANCIA_DATA CHECK (
		DATA_FIM IS NULL
		OR DATA_FIM > DATA_INI
	)
);
CREATE TABLE SISTEMA(
	ESTRELA VARCHAR2(31),
	NOME VARCHAR2(31),
	CONSTRAINT PK_SISTEMA PRIMARY KEY (ESTRELA),
	CONSTRAINT FK_SISTEMA_ESTRELA FOREIGN KEY (ESTRELA) REFERENCES ESTRELA(ID_ESTRELA) ON DELETE CASCADE
);
CREATE TABLE ORBITA_ESTRELA(
	ORBITANTE VARCHAR2(31),
	ORBITADA VARCHAR2(31),
	DIST_MIN NUMBER,
	DIST_MAX NUMBER,
	PERIODO NUMBER,
	CONSTRAINT PK_OE PRIMARY KEY (ORBITANTE, ORBITADA),
	CONSTRAINT FK_OE_ORBITANTE FOREIGN KEY (ORBITANTE) REFERENCES ESTRELA(ID_ESTRELA) ON DELETE CASCADE,
	CONSTRAINT FK_OE_ORBITADA FOREIGN KEY (ORBITADA) REFERENCES ESTRELA(ID_ESTRELA) ON DELETE CASCADE,
	CONSTRAINT CK_OE_ORBITANTE_ORBITADA CHECK (ORBITANTE <> ORBITADA),
	CONSTRAINT CK_OE_DIST CHECK (DIST_MAX >= DIST_MIN),
	-- >= para permitir órbitas circulares
	CONSTRAINT CK_OE_PERIODO CHECK (PERIODO > 0)
);
CREATE TABLE ORBITA_PLANETA(
	PLANETA VARCHAR2(15),
	ESTRELA VARCHAR2(31),
	DIST_MIN NUMBER,
	DIST_MAX NUMBER,
	PERIODO NUMBER,
	CONSTRAINT PK_ORBITA_PLANETA PRIMARY KEY (PLANETA, ESTRELA),
	CONSTRAINT FK_OP_ESTRELA FOREIGN KEY (ESTRELA) REFERENCES ESTRELA(ID_ESTRELA) ON DELETE CASCADE,
	CONSTRAINT FK_OP_PLANETA FOREIGN KEY (PLANETA) REFERENCES PLANETA(ID_ASTRO) ON DELETE CASCADE,
	CONSTRAINT CK_OP_DIST CHECK (DIST_MAX >= DIST_MIN),
	-- >= para permitir órbitas circulares
	CONSTRAINT CK_OP_PERIODO CHECK (PERIODO > 0)
);

CREATE TABLE USERS (
    USER_ID NUMBER GENERATED ALWAYS AS IDENTITY,
    PASSWORD RAW(16),
    ID_LIDER CHAR(14),
    CONSTRAINT PK_USERS PRIMARY KEY (USER_ID),
    CONSTRAINT UQ_USERS_IdLider UNIQUE (ID_LIDER),
    CONSTRAINT FK_USERS_IdLider FOREIGN KEY (ID_LIDER) REFERENCES LIDER(CPI)
);

-- Tabela de log vai servir pra tudo, acessar sistema, inserir dados, rodar view etc
CREATE TABLE LOG_TABLE (
    USER_ID NUMBER,
    INCLUDED_AT TIMESTAMP DEFAULT CURRENT_TIMESTAMP,
    MESSAGE VARCHAR2(100),
    CONSTRAINT FK_LOG_TABLE_Userid FOREIGN KEY (USER_ID) REFERENCES USERS(USER_ID)
);


-- Inserções para a Tabela FEDERACAO
INSERT INTO FEDERACAO (NOME, DATA_FUND) VALUES ('Federacao1', TO_DATE('2023-01-01', 'YYYY-MM-DD'));
INSERT INTO FEDERACAO (NOME, DATA_FUND) VALUES ('Federacao2', TO_DATE('2023-02-01', 'YYYY-MM-DD'));
INSERT INTO FEDERACAO (NOME, DATA_FUND) VALUES ('Federacao3', TO_DATE('2023-03-01', 'YYYY-MM-DD'));

-- Inserções para a Tabela NACAO
INSERT INTO NACAO (NOME, QTD_PLANETAS, FEDERACAO) VALUES ('Nacao1', 3, 'Federacao1');
INSERT INTO NACAO (NOME, QTD_PLANETAS, FEDERACAO) VALUES ('Nacao2', 5, 'Federacao2');
INSERT INTO NACAO (NOME, QTD_PLANETAS, FEDERACAO) VALUES ('Nacao3', 4, 'Federacao3');

-- Inserções para a Tabela PLANETA
INSERT INTO PLANETA (ID_ASTRO, MASSA, RAIO, CLASSIFICACAO) VALUES ('Planeta1', 5.972e24, 6371, 'Terrestre');
INSERT INTO PLANETA (ID_ASTRO, MASSA, RAIO, CLASSIFICACAO) VALUES ('Planeta2', 6.39e23, 3389, 'Marciano');
INSERT INTO PLANETA (ID_ASTRO, MASSA, RAIO, CLASSIFICACAO) VALUES ('Planeta3', 6.39e23, 3389, 'Marciano');
INSERT INTO PLANETA (ID_ASTRO, MASSA, RAIO, CLASSIFICACAO) VALUES ('Planeta4', 6.39e23, 3389, 'Marciano');
INSERT INTO PLANETA (ID_ASTRO, MASSA, RAIO, CLASSIFICACAO) VALUES ('Planeta5', 6.39e23, 3389, 'Marciano');

-- Inserções para a Tabela ESPECIE
INSERT INTO ESPECIE (NOME, PLANETA_OR, INTELIGENTE) VALUES ('Especie1', 'Planeta1', 'V');
INSERT INTO ESPECIE (NOME, PLANETA_OR, INTELIGENTE) VALUES ('Especie2', 'Planeta2', 'V');
INSERT INTO ESPECIE (NOME, PLANETA_OR, INTELIGENTE) VALUES ('Especie3', 'Planeta3', 'V');
INSERT INTO ESPECIE (NOME, PLANETA_OR, INTELIGENTE) VALUES ('Especie4', 'Planeta4', 'V');
INSERT INTO ESPECIE (NOME, PLANETA_OR, INTELIGENTE) VALUES ('Especie5', 'Planeta5', 'V');

-- Inserções para a Tabela LIDER
INSERT INTO LIDER (CPI, NOME, CARGO, NACAO, ESPECIE) VALUES ('123.456.789-00', 'Lider1', 'COMANDANTE', 'Nacao1', 'Especie1');
INSERT INTO LIDER (CPI, NOME, CARGO, NACAO, ESPECIE) VALUES ('234.567.890-01', 'Lider2', 'OFICIAL', 'Nacao2', 'Especie2');
INSERT INTO LIDER (CPI, NOME, CARGO, NACAO, ESPECIE) VALUES ('345.678.901-02', 'Lider3', 'CIENTISTA', 'Nacao1', 'Especie1');
INSERT INTO LIDER (CPI, NOME, CARGO, NACAO, ESPECIE) VALUES ('456.789.012-03', 'Lider4', 'COMANDANTE', 'Nacao2', 'Especie2');
INSERT INTO LIDER (CPI, NOME, CARGO, NACAO, ESPECIE) VALUES ('567.890.123-04', 'Lider5', 'COMANDANTE', 'Nacao3', 'Especie3');

-- Inserções para a Tabela FACCAO
INSERT INTO FACCAO (NOME, LIDER, IDEOLOGIA, QTD_NACOES) VALUES ('Faccao1', '123.456.789-00', 'PROGRESSITA', 1);
INSERT INTO FACCAO (NOME, LIDER, IDEOLOGIA, QTD_NACOES) VALUES ('Faccao2', '345.678.901-02', 'TOTALITARIA', 1);
INSERT INTO FACCAO (NOME, LIDER, IDEOLOGIA, QTD_NACOES) VALUES ('Faccao3', '456.789.012-03', 'TRADICIONALISTA', 1);

-- Inserções para a Tabela NACAO_FACCAO
INSERT INTO NACAO_FACCAO (NACAO, FACCAO) VALUES ('Nacao1', 'Faccao1');
INSERT INTO NACAO_FACCAO (NACAO, FACCAO) VALUES ('Nacao2', 'Faccao2');
INSERT INTO NACAO_FACCAO (NACAO, FACCAO) VALUES ('Nacao3', 'Faccao3');

-- Inserções para a Tabela ESTRELA
INSERT INTO ESTRELA (ID_ESTRELA, NOME, CLASSIFICACAO, MASSA, X, Y, Z) VALUES ('Estrela1', 'Sol', 'G2V', 1.989e30, 0, 0, 0);
INSERT INTO ESTRELA (ID_ESTRELA, NOME, CLASSIFICACAO, MASSA, X, Y, Z) VALUES ('Estrela2', 'Alpha Centauri', 'G2V', 2.188e30, 4.37, 0, 0);
INSERT INTO ESTRELA (ID_ESTRELA, NOME, CLASSIFICACAO, MASSA, X, Y, Z) VALUES ('Estrela3', 'Betelgeuse', 'M1-2', 1.2e31, 642.5, 0, 0);

-- Inserções para a Tabela COMUNIDADE
INSERT INTO COMUNIDADE (ESPECIE, NOME, QTD_HABITANTES) VALUES ('Especie1', 'Comunidade1', 100000);
INSERT INTO COMUNIDADE (ESPECIE, NOME, QTD_HABITANTES) VALUES ('Especie2', 'Comunidade2', 200000);
INSERT INTO COMUNIDADE (ESPECIE, NOME, QTD_HABITANTES) VALUES ('Especie3', 'Comunidade3', 150000);
INSERT INTO COMUNIDADE (ESPECIE, NOME, QTD_HABITANTES) VALUES ('Especie1', 'Comunidade4', 120000);
INSERT INTO COMUNIDADE (ESPECIE, NOME, QTD_HABITANTES) VALUES ('Especie2', 'Comunidade5', 130000);
INSERT INTO COMUNIDADE (ESPECIE, NOME, QTD_HABITANTES) VALUES ('Especie3', 'Comunidade6', 110000);
INSERT INTO COMUNIDADE (ESPECIE, NOME, QTD_HABITANTES) VALUES ('Especie4', 'Comunidade7', 140000);
INSERT INTO COMUNIDADE (ESPECIE, NOME, QTD_HABITANTES) VALUES ('Especie5', 'Comunidade8', 160000);
INSERT INTO COMUNIDADE (ESPECIE, NOME, QTD_HABITANTES) VALUES ('Especie4', 'Comunidade9', 170000);
INSERT INTO COMUNIDADE (ESPECIE, NOME, QTD_HABITANTES) VALUES ('Especie5', 'Comunidade10', 180000);

-- Inserções para a Tabela PARTICIPA
INSERT INTO PARTICIPA (FACCAO, ESPECIE, COMUNIDADE) VALUES ('Faccao1', 'Especie1', 'Comunidade1');
INSERT INTO PARTICIPA (FACCAO, ESPECIE, COMUNIDADE) VALUES ('Faccao2', 'Especie2', 'Comunidade2');
INSERT INTO PARTICIPA (FACCAO, ESPECIE, COMUNIDADE) VALUES ('Faccao3', 'Especie3', 'Comunidade3');
INSERT INTO PARTICIPA (FACCAO, ESPECIE, COMUNIDADE) VALUES ('Faccao1', 'Especie1', 'Comunidade4');
INSERT INTO PARTICIPA (FACCAO, ESPECIE, COMUNIDADE) VALUES ('Faccao2', 'Especie2', 'Comunidade5');
INSERT INTO PARTICIPA (FACCAO, ESPECIE, COMUNIDADE) VALUES ('Faccao3', 'Especie3', 'Comunidade6');
INSERT INTO PARTICIPA (FACCAO, ESPECIE, COMUNIDADE) VALUES ('Faccao2', 'Especie4', 'Comunidade7');
INSERT INTO PARTICIPA (FACCAO, ESPECIE, COMUNIDADE) VALUES ('Faccao3', 'Especie5', 'Comunidade8');
INSERT INTO PARTICIPA (FACCAO, ESPECIE, COMUNIDADE) VALUES ('Faccao2', 'Especie4', 'Comunidade9');
INSERT INTO PARTICIPA (FACCAO, ESPECIE, COMUNIDADE) VALUES ('Faccao3', 'Especie5', 'Comunidade10');

-- Inserções para a Tabela HABITACAO
INSERT INTO HABITACAO (PLANETA, ESPECIE, COMUNIDADE, DATA_INI, DATA_FIM) VALUES ('Planeta1', 'Especie1', 'Comunidade1', TO_DATE('2023-01-01', 'YYYY-MM-DD'), NULL);
INSERT INTO HABITACAO (PLANETA, ESPECIE, COMUNIDADE, DATA_INI, DATA_FIM) VALUES ('Planeta2', 'Especie2', 'Comunidade2', TO_DATE('2023-02-01', 'YYYY-MM-DD'), NULL);
INSERT INTO HABITACAO (PLANETA, ESPECIE, COMUNIDADE, DATA_INI, DATA_FIM) VALUES ('Planeta3', 'Especie3', 'Comunidade3', TO_DATE('2023-03-01', 'YYYY-MM-DD'), NULL);
INSERT INTO HABITACAO (PLANETA, ESPECIE, COMUNIDADE, DATA_INI, DATA_FIM) VALUES ('Planeta1', 'Especie1', 'Comunidade4', TO_DATE('2023-06-01', 'YYYY-MM-DD'), NULL);
INSERT INTO HABITACAO (PLANETA, ESPECIE, COMUNIDADE, DATA_INI, DATA_FIM) VALUES ('Planeta2', 'Especie2', 'Comunidade5', TO_DATE('2023-07-01', 'YYYY-MM-DD'), NULL);
INSERT INTO HABITACAO (PLANETA, ESPECIE, COMUNIDADE, DATA_INI, DATA_FIM) VALUES ('Planeta3', 'Especie3', 'Comunidade6', TO_DATE('2023-08-01', 'YYYY-MM-DD'), NULL);
INSERT INTO HABITACAO (PLANETA, ESPECIE, COMUNIDADE, DATA_INI, DATA_FIM) VALUES ('Planeta4', 'Especie4', 'Comunidade7', TO_DATE('2023-09-01', 'YYYY-MM-DD'), NULL);
INSERT INTO HABITACAO (PLANETA, ESPECIE, COMUNIDADE, DATA_INI, DATA_FIM) VALUES ('Planeta5', 'Especie5', 'Comunidade8', TO_DATE('2023-10-01', 'YYYY-MM-DD'), NULL);
INSERT INTO HABITACAO (PLANETA, ESPECIE, COMUNIDADE, DATA_INI, DATA_FIM) VALUES ('Planeta1', 'Especie4', 'Comunidade9', TO_DATE('2023-11-01', 'YYYY-MM-DD'), NULL);
INSERT INTO HABITACAO (PLANETA, ESPECIE, COMUNIDADE, DATA_INI, DATA_FIM) VALUES ('Planeta2', 'Especie5', 'Comunidade10', TO_DATE('2023-12-01', 'YYYY-MM-DD'), NULL);

-- Inserções para a Tabela DOMINANCIA
INSERT INTO DOMINANCIA (PLANETA, NACAO, DATA_INI, DATA_FIM) VALUES ('Planeta1', 'Nacao1', TO_DATE('2023-01-01', 'YYYY-MM-DD'), NULL);
INSERT INTO DOMINANCIA (PLANETA, NACAO, DATA_INI, DATA_FIM) VALUES ('Planeta2', 'Nacao2', TO_DATE('2023-02-01', 'YYYY-MM-DD'), NULL);
INSERT INTO DOMINANCIA (PLANETA, NACAO, DATA_INI, DATA_FIM) VALUES ('Planeta3', 'Nacao3', TO_DATE('2023-03-01', 'YYYY-MM-DD'), NULL);
INSERT INTO DOMINANCIA (PLANETA, NACAO, DATA_INI, DATA_FIM) VALUES ('Planeta4', 'Nacao2', TO_DATE('2023-04-01', 'YYYY-MM-DD'), NULL);
INSERT INTO DOMINANCIA (PLANETA, NACAO, DATA_INI, DATA_FIM) VALUES ('Planeta5', 'Nacao2', TO_DATE('2023-05-01', 'YYYY-MM-DD'), NULL);

-- Inserções para a Tabela SISTEMA
INSERT INTO SISTEMA (ESTRELA, NOME) VALUES ('Estrela1', 'Sistema Solar');
INSERT INTO SISTEMA (ESTRELA, NOME) VALUES ('Estrela2', 'Alpha Centauri System');
INSERT INTO SISTEMA (ESTRELA, NOME) VALUES ('Estrela3', 'Betelgeuse System');

-- Inserções para a Tabela ORBITA_ESTRELA
INSERT INTO ORBITA_ESTRELA (ORBITANTE, ORBITADA, DIST_MIN, DIST_MAX, PERIODO) VALUES ('Estrela2', 'Estrela1', 4.37, 4.37, 520000);
INSERT INTO ORBITA_ESTRELA (ORBITANTE, ORBITADA, DIST_MIN, DIST_MAX, PERIODO) VALUES ('Estrela3', 'Estrela1', 700, 700, 760000);

-- Inserções para a Tabela ORBITA_PLANETA
INSERT INTO ORBITA_PLANETA (PLANETA, ESTRELA, DIST_MIN, DIST_MAX, PERIODO) VALUES ('Planeta1', 'Estrela1', 0.983, 1.017, 365);
INSERT INTO ORBITA_PLANETA (PLANETA, ESTRELA, DIST_MIN, DIST_MAX, PERIODO) VALUES ('Planeta2', 'Estrela2', 1.5, 1.5, 687);
INSERT INTO ORBITA_PLANETA (PLANETA, ESTRELA, DIST_MIN, DIST_MAX, PERIODO) VALUES ('Planeta3', 'Estrela3', 1.7, 1.7, 730);

-- Inserções para a Tabela USERS
INSERT INTO USERS (PASSWORD, ID_LIDER) VALUES (RAWTOHEX(DBMS_OBFUSCATION_TOOLKIT.md5(input => UTL_RAW.CAST_TO_RAW('password1'))), '123.456.789-00');
INSERT INTO USERS (PASSWORD, ID_LIDER) VALUES (RAWTOHEX(DBMS_OBFUSCATION_TOOLKIT.md5(input => UTL_RAW.CAST_TO_RAW('password2'))), '234.567.890-01');
INSERT INTO USERS (PASSWORD, ID_LIDER) VALUES (RAWTOHEX(DBMS_OBFUSCATION_TOOLKIT.md5(input => UTL_RAW.CAST_TO_RAW('password3'))), '345.678.901-02');
INSERT INTO USERS (PASSWORD, ID_LIDER) VALUES (RAWTOHEX(DBMS_OBFUSCATION_TOOLKIT.md5(input => UTL_RAW.CAST_TO_RAW('password4'))), '456.789.012-03');
INSERT INTO USERS (PASSWORD, ID_LIDER) VALUES (RAWTOHEX(DBMS_OBFUSCATION_TOOLKIT.md5(input => UTL_RAW.CAST_TO_RAW('password5'))), '567.890.123-04');

COMMIT;

BEGIN
    FOR rec IN (SELECT table_name FROM user_tables) LOOP
        EXECUTE IMMEDIATE 'DROP TABLE ' || rec.table_name || ' CASCADE CONSTRAINTS';
    END LOOP;
END;