-- Inserções
-- Tabela FEDERACAO
INSERT INTO FEDERACAO (NOME, DATA_FUND) VALUES ('Federacao1', TO_DATE('2023-01-01', 'YYYY-MM-DD'));
INSERT INTO FEDERACAO (NOME, DATA_FUND) VALUES ('Federacao2', TO_DATE('2023-02-01', 'YYYY-MM-DD'));
INSERT INTO FEDERACAO (NOME, DATA_FUND) VALUES ('Federacao3', TO_DATE('2023-03-01', 'YYYY-MM-DD'));

-- Tabela NACAO
INSERT INTO NACAO (NOME, QTD_PLANETAS, FEDERACAO) VALUES ('Nacao1', 3, 'Federacao1');
INSERT INTO NACAO (NOME, QTD_PLANETAS, FEDERACAO) VALUES ('Nacao2', 5, 'Federacao2');
INSERT INTO NACAO (NOME, QTD_PLANETAS, FEDERACAO) VALUES ('Nacao3', 4, 'Federacao3');

-- Tabela PLANETA
INSERT INTO PLANETA (ID_ASTRO, MASSA, RAIO, CLASSIFICACAO) VALUES ('Planeta1', 5.972e24, 6371, 'Terrestre');
INSERT INTO PLANETA (ID_ASTRO, MASSA, RAIO, CLASSIFICACAO) VALUES ('Planeta2', 6.39e23, 3389, 'Marciano');
INSERT INTO PLANETA (ID_ASTRO, MASSA, RAIO, CLASSIFICACAO) VALUES ('Planeta3', 6.39e23, 3389, 'Marciano');
INSERT INTO PLANETA (ID_ASTRO, MASSA, RAIO, CLASSIFICACAO) VALUES ('Planeta4', 6.39e23, 3389, 'Marciano');
INSERT INTO PLANETA (ID_ASTRO, MASSA, RAIO, CLASSIFICACAO) VALUES ('Planeta5', 6.39e23, 3389, 'Marciano');
INSERT INTO PLANETA (ID_ASTRO, MASSA, RAIO, CLASSIFICACAO) VALUES ('Planeta6', 6.39e23, 3389, 'Marciano'); -- Novo Planeta
INSERT INTO PLANETA (ID_ASTRO, MASSA, RAIO, CLASSIFICACAO) VALUES ('Planeta7', 6.39e23, 3389, 'Marciano'); -- Novo Planeta
-- Tabela ESPECIE
INSERT INTO ESPECIE (NOME, PLANETA_OR, INTELIGENTE) VALUES ('Especie1', 'Planeta1', 'V');
INSERT INTO ESPECIE (NOME, PLANETA_OR, INTELIGENTE) VALUES ('Especie2', 'Planeta2', 'V');
INSERT INTO ESPECIE (NOME, PLANETA_OR, INTELIGENTE) VALUES ('Especie3', 'Planeta3', 'V');
INSERT INTO ESPECIE (NOME, PLANETA_OR, INTELIGENTE) VALUES ('Especie4', 'Planeta4', 'V');
INSERT INTO ESPECIE (NOME, PLANETA_OR, INTELIGENTE) VALUES ('Especie5', 'Planeta5', 'V');

-- Tabela LIDER
INSERT INTO LIDER (CPI, NOME, CARGO, NACAO, ESPECIE) VALUES ('123.456.789-00', 'Lider1', 'COMANDANTE', 'Nacao1', 'Especie1');
INSERT INTO LIDER (CPI, NOME, CARGO, NACAO, ESPECIE) VALUES ('234.567.890-01', 'Lider2', 'OFICIAL', 'Nacao2', 'Especie2');
INSERT INTO LIDER (CPI, NOME, CARGO, NACAO, ESPECIE) VALUES ('345.678.901-02', 'Lider3', 'CIENTISTA', 'Nacao1', 'Especie1');
INSERT INTO LIDER (CPI, NOME, CARGO, NACAO, ESPECIE) VALUES ('456.789.012-03', 'Lider4', 'COMANDANTE', 'Nacao2', 'Especie2');
INSERT INTO LIDER (CPI, NOME, CARGO, NACAO, ESPECIE) VALUES ('567.890.123-04', 'Lider5', 'COMANDANTE', 'Nacao3', 'Especie3');
INSERT INTO LIDER (CPI, NOME, CARGO, NACAO, ESPECIE) VALUES ('678.901.234-05', 'Oficial1', 'OFICIAL', 'Nacao1', 'Especie1');
INSERT INTO LIDER (CPI, NOME, CARGO, NACAO, ESPECIE) VALUES ('789.012.345-06', 'Oficial2', 'OFICIAL', 'Nacao2', 'Especie2');

-- Tabela FACCAO
INSERT INTO FACCAO (NOME, LIDER, IDEOLOGIA, QTD_NACOES) VALUES ('Faccao1', '123.456.789-00', 'PROGRESSITA', 1);
INSERT INTO FACCAO (NOME, LIDER, IDEOLOGIA, QTD_NACOES) VALUES ('Faccao2', '345.678.901-02', 'TOTALITARIA', 1);
INSERT INTO FACCAO (NOME, LIDER, IDEOLOGIA, QTD_NACOES) VALUES ('Faccao3', '456.789.012-03', 'TRADICIONALISTA', 1);

-- Tabela NACAO_FACCAO
INSERT INTO NACAO_FACCAO (NACAO, FACCAO) VALUES ('Nacao1', 'Faccao1');
INSERT INTO NACAO_FACCAO (NACAO, FACCAO) VALUES ('Nacao2', 'Faccao2');
INSERT INTO NACAO_FACCAO (NACAO, FACCAO) VALUES ('Nacao3', 'Faccao3');

-- Tabela ESTRELA
INSERT INTO ESTRELA (ID_ESTRELA, NOME, CLASSIFICACAO, MASSA, X, Y, Z) VALUES ('Estrela1', 'Sol', 'G2V', 1.989e30, 0, 0, 0);
INSERT INTO ESTRELA (ID_ESTRELA, NOME, CLASSIFICACAO, MASSA, X, Y, Z) VALUES ('Estrela2', 'Alpha Centauri', 'G2V', 2.188e30, 4.37, 0, 0);
INSERT INTO ESTRELA (ID_ESTRELA, NOME, CLASSIFICACAO, MASSA, X, Y, Z) VALUES ('Estrela3', 'Betelgeuse', 'M1-2', 1.2e31, 642.5, 0, 0);

-- Tabela SISTEMA
INSERT INTO SISTEMA (ESTRELA, NOME) VALUES ('Estrela1', 'Sistema Solar');
INSERT INTO SISTEMA (ESTRELA, NOME) VALUES ('Estrela2', 'Alpha Centauri System');
INSERT INTO SISTEMA (ESTRELA, NOME) VALUES ('Estrela3', 'Betelgeuse System');

-- Tabela ORBITA_ESTRELA
INSERT INTO ORBITA_ESTRELA (ORBITANTE, ORBITADA, DIST_MIN, DIST_MAX, PERIODO) VALUES ('Estrela2', 'Estrela1', 4.37, 4.37, 520000);
INSERT INTO ORBITA_ESTRELA (ORBITANTE, ORBITADA, DIST_MIN, DIST_MAX, PERIODO) VALUES ('Estrela3', 'Estrela1', 700, 700, 760000);

-- Tabela PLANETA
INSERT INTO ORBITA_PLANETA (PLANETA, ESTRELA, DIST_MIN, DIST_MAX, PERIODO) VALUES ('Planeta1', 'Estrela1', 0.983, 1.017, 365);
INSERT INTO ORBITA_PLANETA (PLANETA, ESTRELA, DIST_MIN, DIST_MAX, PERIODO) VALUES ('Planeta2', 'Estrela2', 1.5, 1.5, 687);
INSERT INTO ORBITA_PLANETA (PLANETA, ESTRELA, DIST_MIN, DIST_MAX, PERIODO) VALUES ('Planeta3', 'Estrela3', 1.7, 1.7, 730);

-- Tabela COMUNIDADE
INSERT INTO COMUNIDADE (ESPECIE, NOME, QTD_HABITANTES) VALUES ('Especie1', 'Comunidade1', 100000);
INSERT INTO COMUNIDADE (ESPECIE, NOME, QTD_HABITANTES) VALUES ('Especie2', 'Comunidade2', 200000);
INSERT INTO COMUNIDADE (ESPECIE, NOME, QTD_HABITANTES) VALUES ('Especie3', 'Comunidade3', 150000);
INSERT INTO COMUNIDADE (ESPECIE, NOME, QTD_HABITANTES) VALUES ('Especie4', 'Comunidade4', 180000);
INSERT INTO COMUNIDADE (ESPECIE, NOME, QTD_HABITANTES) VALUES ('Especie5', 'Comunidade5', 130000);
INSERT INTO COMUNIDADE (ESPECIE, NOME, QTD_HABITANTES) VALUES ('Especie1', 'Comunidade6', 120000);
INSERT INTO COMUNIDADE (ESPECIE, NOME, QTD_HABITANTES) VALUES ('Especie2', 'Comunidade7', 130000);

INSERT INTO COMUNIDADE (ESPECIE, NOME, QTD_HABITANTES) VALUES ('Especie2', 'Comunidade99', 130000);
INSERT INTO HABITACAO (PLANETA, ESPECIE, COMUNIDADE, DATA_INI, DATA_FIM) VALUES ('Planeta1', 'Especie2', 'Comunidade99', TO_DATE('2023-05-01', 'YYYY-MM-DD'), NULL);

commit;
-- Tabela PARTICIPA
INSERT INTO PARTICIPA (FACCAO, ESPECIE, COMUNIDADE) VALUES ('Faccao1', 'Especie1', 'Comunidade1');
INSERT INTO PARTICIPA (FACCAO, ESPECIE, COMUNIDADE) VALUES ('Faccao2', 'Especie2', 'Comunidade2');
INSERT INTO PARTICIPA (FACCAO, ESPECIE, COMUNIDADE) VALUES ('Faccao3', 'Especie3', 'Comunidade3');

-- Tabela HABITACAO
INSERT INTO HABITACAO (PLANETA, ESPECIE, COMUNIDADE, DATA_INI, DATA_FIM) VALUES ('Planeta1', 'Especie1', 'Comunidade1', TO_DATE('2023-01-01', 'YYYY-MM-DD'), NULL);
INSERT INTO HABITACAO (PLANETA, ESPECIE, COMUNIDADE, DATA_INI, DATA_FIM) VALUES ('Planeta2', 'Especie2', 'Comunidade2', TO_DATE('2023-02-01', 'YYYY-MM-DD'), NULL);
INSERT INTO HABITACAO (PLANETA, ESPECIE, COMUNIDADE, DATA_INI, DATA_FIM) VALUES ('Planeta3', 'Especie3', 'Comunidade3', TO_DATE('2023-03-01', 'YYYY-MM-DD'), NULL);
INSERT INTO HABITACAO (PLANETA, ESPECIE, COMUNIDADE, DATA_INI, DATA_FIM) VALUES ('Planeta4', 'Especie4', 'Comunidade4', TO_DATE('2023-04-01', 'YYYY-MM-DD'), NULL);
INSERT INTO HABITACAO (PLANETA, ESPECIE, COMUNIDADE, DATA_INI, DATA_FIM) VALUES ('Planeta5', 'Especie5', 'Comunidade5', TO_DATE('2023-05-01', 'YYYY-MM-DD'), NULL);

-- Tabela DOMINANCIA
INSERT INTO DOMINANCIA (PLANETA, NACAO, DATA_INI, DATA_FIM) VALUES ('Planeta1', 'Nacao1', TO_DATE('2023-01-01', 'YYYY-MM-DD'), NULL);
INSERT INTO DOMINANCIA (PLANETA, NACAO, DATA_INI, DATA_FIM) VALUES ('Planeta2', 'Nacao2', TO_DATE('2023-02-01', 'YYYY-MM-DD'), NULL);
INSERT INTO DOMINANCIA (PLANETA, NACAO, DATA_INI, DATA_FIM) VALUES ('Planeta3', 'Nacao3', TO_DATE('2023-03-01', 'YYYY-MM-DD'), NULL);
INSERT INTO DOMINANCIA (PLANETA, NACAO, DATA_INI, DATA_FIM) VALUES ('Planeta4', 'Nacao2', TO_DATE('2023-04-01', 'YYYY-MM-DD'), NULL);
INSERT INTO DOMINANCIA (PLANETA, NACAO, DATA_INI, DATA_FIM) VALUES ('Planeta5', 'Nacao2', TO_DATE('2023-05-01', 'YYYY-MM-DD'), NULL);

-- Tabela USERS
INSERT INTO USERS (PASSWORD, ID_LIDER) VALUES (RAWTOHEX(DBMS_OBFUSCATION_TOOLKIT.md5(input => UTL_RAW.CAST_TO_RAW('password1'))), '123.456.789-00');
INSERT INTO USERS (PASSWORD, ID_LIDER) VALUES (RAWTOHEX(DBMS_OBFUSCATION_TOOLKIT.md5(input => UTL_RAW.CAST_TO_RAW('password2'))), '234.567.890-01');
INSERT INTO USERS (PASSWORD, ID_LIDER) VALUES (RAWTOHEX(DBMS_OBFUSCATION_TOOLKIT.md5(input => UTL_RAW.CAST_TO_RAW('password3'))), '345.678.901-02');
INSERT INTO USERS (PASSWORD, ID_LIDER) VALUES (RAWTOHEX(DBMS_OBFUSCATION_TOOLKIT.md5(input => UTL_RAW.CAST_TO_RAW('password4'))), '456.789.012-03');
INSERT INTO USERS (PASSWORD, ID_LIDER) VALUES (RAWTOHEX(DBMS_OBFUSCATION_TOOLKIT.md5(input => UTL_RAW.CAST_TO_RAW('password5'))), '567.890.123-04');
INSERT INTO USERS (PASSWORD, ID_LIDER) VALUES (RAWTOHEX(DBMS_OBFUSCATION_TOOLKIT.md5(input => UTL_RAW.CAST_TO_RAW('password6'))), '678.901.234-05');
INSERT INTO USERS (PASSWORD, ID_LIDER) VALUES (RAWTOHEX(DBMS_OBFUSCATION_TOOLKIT.md5(input => UTL_RAW.CAST_TO_RAW('password7'))), '789.012.345-06');

-- Associação dos novos planetas com a estrela e o sistema
INSERT INTO ORBITA_PLANETA (PLANETA, ESTRELA, DIST_MIN, DIST_MAX, PERIODO) VALUES ('Planeta6', 'Estrela3', 1.5, 1.5, 687);
INSERT INTO ORBITA_PLANETA (PLANETA, ESTRELA, DIST_MIN, DIST_MAX, PERIODO) VALUES ('Planeta7', 'Estrela3', 1.7, 1.7, 730);

COMMIT;